t,yield,b,rf,
1,0.499,66.711,0.000013,
5,0.3856,19.58,0.000011,
15,0.3537,10.645,0.00001,
20,0.2863,6.504,0.00009,
,,,,
,,,,
,,,,
